{
  "family": "zin-TD",
  "networkMode": "awsvpc",
  "executionRoleArn": "arn:aws:iam::438465134214:role/ecsTaskExecutionRole",
  "containerDefinitions": [
    {
      "name": "simp",
      "image": "438465134214.dkr.ecr.us-east-1.amazonaws.com/ecs-cd:latest",
      "cpu": 0,
      "portMappings": [
        {
          "containerPort": 3000,
          "protocol": "tcp"
        }
      ],
      "essential": true,
      "logConfiguration": {
        "logDriver": "awslogs",
        "options": {
          "awslogs-group": "/ecs/zin-TD",
          "awslogs-create-group": "true",
          "awslogs-region": "us-east-1",
          "awslogs-stream-prefix": "ecs"
        }
      }
    }
  ],
  "requiresCompatibilities": ["FARGATE"],
  "cpu": "1024",
  "memory": "2048",
  "runtimePlatform": {
    "cpuArchitecture": "X86_64",
    "operatingSystemFamily": "LINUX"
  }
}
